DHU43A,123456778
DHU43B,123456789
DHU43C,123445678
DHU43D,112345678
DHU43E,122354567
DHU43F,123345678
DHU43G,324545354
DHU43H,345345345
DHU43I,565753434
DHU43J,475686707
DHU43K,234345655
DHU43L,243567631
DHU43M,976464566
DHU43N,121212122
DHU43O,758947495
DHU43P,958473820
DHU43Q,546374890
DHU43D,347534785
DHU43S,242343534
DHU43T,234346567
DHU43U,875432156
DHU43V,242343535
DHU43W,234346568
AHU43U,875432157
BHU43V,242343536
CHU43W,234346569
EHU43U,875432158
HHU43V,242343537
IHU43W,242343538
JHU43U,242343539
KHU43V,242343540
LHU43W,242343541
MHU43U,242343542
NHU43V,242343543
OHU43W,242343544
PHU43U,242343545
QHU43V,242343546
WHU43W,242343547
THU43U,242343548
RHU43V,242343549
SHU43V,242343550
VHU43V,242343551
RTU43V,242343552
RYU43V,242343553
RUU43V,242343554
RAU43V,242343555
RAP43V,242343556
RAV43V,242343557
RXU43V,242343558
XAU43V,242343559
GGD14I,242343560
EKI89J,242343561
GKJ80E,242343562
DHH69I,242343563
DIF88G,242343564
GBF77J,242343565
KKF03J,242343566
DGI77B,242343567
GGK56I,242343568
FJF51E,242343569
EDB36B,242343570
GDD40J,242343571
HCI08E,242343572
KDD38B,242343573
CFI43J,242343574
DDG55H,242343575
BCH73K,242343576
EBJ09D,242343577
JKG87K,242343578
JGI05J,242343579
HKE48E,242343580
BDF26G,242343581
ECI82C,242343582
FCB92D,242343583
EEG52F,242343584
FHK32G,242343585
CHI95I,242343586
JFC18H,242343587
FDJ53J,242343588
JHH70E,242343589
GEG71E,242343590
JEF10I,242343591
GGK32H,242343592
KHG46J,242343593
CDK68J,242343594
DDI77E,242343595
BHF73G,242343596
FEG94H,242343597
BJF03J,242343598
DFH36J,242343599
FCI61B,242343600
IFE03B,242343601
CKK74D,242343602
GHK25G,242343603
IGC87K,242343604
JCB89J,242343605
HBI81J,242343606
HJC92J,242343607
BKC07B,242343608
JEG50K,242343609
GFB06C,242343610
BBF81C,242343611
JDH99J,242343612
JGE72E,242343613
HCI03E,242343614
HJB78J,242343615
FBH26B,242343616
GDE74H,242343617
JEC31E,242343618
FHC20B,242343619
KKG75B,242343620
FGG62K,242343621
KIG91C,242343622
EFB16B,242343623
BFJ24F,242343624
FCG40J,242343625
JGK61H,242343626
BFH27C,242343627
BDJ47J,242343628
EGJ28B,242343629
BJD91G,242343630
CGJ35G,242343631
DED69I,242343632
JJK68E,242343633
KDG24D,242343634
KBI12H,242343635
KEB05C,242343636
KFE01I,242343637
CEB03I,242343638
KDI00H,242343639
HGE73E,242343640
KCH68G,242343641
FIK37J,242343642
BHH32K,242343643
GBE56H,242343644
HIF86G,242343645
JIK61J,242343646
FKI54E,242343647
IJB24B,242343648
DBB47E,242343649
IGH22G,242343650
FHK89B,242343651
EJE40K,242343652
IIK87C,242343653
FCC64K,242343654
GBC98B,242343655
GJD21E,242343656
CKH21I,242343657
IJH46G,242343658
GIJ81C,242343659
HJF36D,242343660
JBD91E,242343661
FJG71F,242343662
HBG58D,242343663
JEC38K,242343664
CJC30B,242343665
HGI46F,242343666
CKH42B,242343667
DBG11I,242343668
EJB70G,242343669
BJG17E,242343670
DFF30H,242343671
DDK64F,242343672
HHC83J,242343673
CFE00H,242343674
EBJ40B,242343675
CIJ74J,242343676
KEC25C,242343677
JCF18I,242343678
DGB79J,242343679
JJB41D,242343680
IFH70H,242343681
JGE85H,242343682
KFI38K,242343683
CGG62G,242343684
CDH28E,242343685
HHC26F,242343686
KJK51F,242343687
HBH15H,242343688
BCB09B,242343689
IEG96D,242343690
JIB81F,242343691
BGG36J,242343692
CBE58C,242343693
HKG04K,242343694
GFE07C,242343695
HFF26C,242343696
DGK99I,242343697
BBH75G,242343698
BGF69D,242343699
GIB70D,242343700
EBB05F,242343701
HHK47K,242343702
JIC35I,242343703
GDC09J,242343704
JHK55B,242343705
KKJ18H,242343706
CEG54B,242343707
JFB31D,242343708
KGD73K,242343709
JBH32G,242343710
IKB45C,242343711
EEJ20C,242343712
FCC68F,242343713
GCE53J,242343714
HHH54D,242343715
EJI12C,242343716
CDC57I,242343717
IFE49I,242343718
DCK89J,242343719
IBE90H,242343720
GFH04G,242343721
DKI53J,242343722
HEC31G,242343723
HFI26F,242343724
BGG72C,242343725
DEH59G,242343726
HJI38C,242343727
JDC42I,242343728
IFB89E,242343729
BDJ21H,242343730
GJD23K,242343731
JIE64I,242343732
BIK98C,242343733
EED83D,242343734
KJF93B,242343735
IJK53D,242343736
ICH54C,242343737
CBI05F,242343738
IID60D,242343739
KHG17I,242343740
DHI20B,242343741
HGC68D,242343742
GGK52D,242343743
GED37G,242343744
IKB54F,242343745
BGB91K,242343746
HDE12J,242343747
CBF65C,242343748
DJD15J,242343749
GDD56F,242343750
GCI52D,242343751
GHJ94K,242343752
GCI51B,242343753
BCG32H,242343754
DJD15K,242343755
IBC85I,242343756
GFJ74K,242343757
BKI66B,242343758
BJI86J,242343759
GKH83D,242343760
IHB48D,242343761
CGD39E,242343762
GDI82C,242343763
GBK99D,242343764
GFD40D,242343765
CCD10J,242343766
ECG27K,242343767
GHB70I,242343768
DEI03G,242343769
HHF76H,242343770
BDB96K,242343771
FBJ97F,242343772
FHK17D,242343773
GJF62K,242343774
FIJ07B,242343775
HFC35E,242343776
KIG49G,242343777
DDI31J,242343778
BBD19K,242343779
HEK82J,242343780
BCH47F,242343781
HCK40H,242343782
FCG70G,242343783
FBG24K,242343784
JCE21H,242343785
JEB72K,242343786
JJG41F,242343787
FJI02D,242343788
GKD46K,242343789
ECF16H,242343790
JED08E,242343791
DBF09K,242343792
FBD06G,242343793
BKI95C,242343794
JEJ50C,242343795
CCE65B,242343796
DDC25C,242343797
IDF53F,242343798
FHK38F,242343799
JJG73E,242343800
FGH40I,242343801
ICJ50G,242343802
HEC26G,242343803
GFG39J,242343804
FID37J,242343805
EFE23B,242343806
ECI57F,242343807
JHJ24C,242343808
IIB99F,242343809
HJB26I,242343810
EGE21J,242343811
BKJ07J,242343812
HKH85J,242343813
CDG30H,242343814
KBK99F,242343815
FIF86D,242343816
HCB73C,242343817
FKD54G,242343818
CJB00F,242343819
IFG61D,242343820
KJH48H,242343821
FIB99J,242343822
ECH17H,242343823
CGD47C,242343824
FJI41B,242343825
GEG78K,242343826
GIK10D,242343827
KGC83D,242343828
HBG09H,242343829
DHH85B,242343830
FDG18I,242343831
JDG67J,242343832
KBF11F,242343833
GHH38F,242343834
EDD95K,242343835
GGK91J,242343836
GBD35C,242343837
BIF27H,242343838
GEI31H,242343839
CIG65K,242343840
KGE70F,242343841
HDI82D,242343842
JJH26B,242343843
DDH51F,242343844
GJH03J,242343845
CKB50E,242343846
HJK25B,242343847
BDJ19H,242343848
HJD40G,242343849
DEK81E,242343850
BIC85C,242343851
IGF02F,242343852
EHE26C,242343853
CDF55I,242343854
BKH40J,242343855
BKI80G,242343856
EBJ01C,242343857
GFF48C,242343858
JJH00C,242343859
BIF13B,242343860
CCK74H,242343861
JCI94J,242343862
DHD91D,242343863
EFD92F,242343864
ICE06J,242343865
JHG87E,242343866
KBD58D,242343867
BJI13D,242343868
KCF54B,242343869
DJI96F,242343870
HHB54K,242343871
JKG28H,242343872
BHG22I,242343873
KDD96I,242343874
CDJ27E,242343875
BBI50E,242343876
CDK28I,242343877
JJI92F,242343878
GCC28E,242343879
GDC72G,242343880
DII48K,242343881
HEE66B,242343882
DGE43B,242343883
JJC72K,242343884
JJB57I,242343885
CCF29H,242343886
BFF71G,242343887
GDI58I,242343888
CDC03E,242343889
HEI02I,242343890
JJB27B,242343891
HIJ84D,242343892
HBK34B,242343893
HKD05H,242343894
GHF51J,242343895
FBK65F,242343896
CCI77B,242343897
IED23H,242343898
IKH98I,242343899
ECF94B,242343900
GDJ19G,242343901
BGI24J,242343902
FJK37F,242343903
DKH03D,242343904
FEG97D,242343905
GHI51H,242343906
DBH05D,242343907
CCF58G,242343908
KDI85I,242343909
KFE42F,242343910
FJC47K,242343911
BIE60F,242343912
BBF35K,242343913
IGE20E,242343914
HKG19C,242343915
CBJ43I,242343916
JID50H,242343917
JJF90D,242343918
CJG86I,242343919
HJG25E,242343920
CFF51G,242343921
EEI95E,242343922
FID66I,242343923
DBI58C,242343924
FKG17G,242343925
GII37F,242343926
JFD66K,242343927
DDC56I,242343928
KEG92D,242343929
EKK50C,242343930
BDF89J,242343931
KDH90H,242343932
KFI57F,242343933
EGE28C,242343934
CJF43J,242343935
JHB37G,242343936
JEK96K,242343937
FJE26B,242343938
DDF34D,242343939
JCJ99E,242343940
IBD89C,242343941
JIB90F,242343942
EJB18I,242343943
KFK43E,242343944
HCH21H,242343945
JBD59G,242343946
JBG18B,242343947
EDE74E,242343948
EGB30G,242343949
EGJ19E,242343950
KFB43F,242343951
DIB01J,242343952
FII30J,242343953
IKK66C,242343954
FDH63E,242343955
IFJ81B,242343956
IJD14F,242343957
HBC66D,242343958
BDG89J,242343959
EGC46B,242343960
BGJ41K,242343961
DCJ53B,242343962
BDB89G,242343963
JBC61B,242343964
BCB95G,242343965
JGH77K,242343966
ECD26K,242343967
DJI58F,242343968
FJE80I,242343969
GHD54J,242343970
GHD62G,242343971
EJB23G,242343972
HBF38H,242343973
DBD39B,242343974
IJB75B,242343975
IBE70E,242343976
JFK55J,242343977
DHC57F,242343978
DEB53I,242343979
GDB12H,242343980
HJI98B,242343981
EBB03G,242343982
GBE53C,242343983
DDC30E,242343984
GCG78D,242343985
BGI14F,242343986
JKD06J,242343987
EJC95B,242343988
ICK52I,242343989
JGD98C,242343990
DHI59G,242343991
IFB06C,242343992
FEJ63F,242343993
EIJ25C,242343994
EKH78F,242343995
JGJ17D,242343996
KDG34C,242343997
FDG35J,242343998
IKJ66E,242343999
BJI17E,242344000
CEB24K,242344001
JJJ13I,242344002
JEJ68E,242344003
EIF10G,242344004
JJJ10B,242344005
KKF88C,242344006
IHC76G,242344007
HHI85I,242344008
GBI66C,242344009
JKG80F,242344010
EDI63B,242344011
KFK99B,242344012
BEE96B,242344013
HHB37H,242344014
HIF75D,242344015
HHF91F,242344016
CIG61I,242344017
EIB52K,242344018
DHC24G,242344019
BCI10G,242344020
KDB49J,242344021
JGH24J,242344022
KJF53B,242344023
EGK55B,242344024
GIF13D,242344025
HEJ26F,242344026
CEE23C,242344027
EFH50D,242344028
GIE18I,242344029
KEH67B,242344030
GDH51G,242344031
BJI55E,242344032
GCK11I,242344033
FGK33I,242344034
IDI74J,242344035
KEH86K,242344036
GIC61B,242344037
BKJ65C,242344038
CGJ47H,242344039
IJE48K,242344040
KKE81E,242344041
CBB14J,242344042
BIC35B,242344043
HEC20F,242344044
KGI45C,242344045
GFI89G,242344046
GBE98G,242344047
FBI08E,242344048
EDI06D,242344049
CBF08C,242344050
EGB01G,242344051
KBG26G,242344052
FDF07E,242344053
BHD51H,242344054
IBF68B,242344055
HII35B,242344056
JCF65G,242344057
GDJ70I,242344058
HJJ69G,242344059
IHG48G,242344060
GDC21F,242344061
JFB25K,242344062
FEI56I,242344063
BJG03D,242344064
HBD62H,242344065
GGE19K,242344066
HFI35G,242344067
HHC79K,242344068
CBH10H,242344069
HGF39I,242344070
CGG87J,242344071
KJJ77K,242344072
DBK04D,242344073
DII39C,242344074
IJD04K,242344075
KED72I,242344076
IFB53G,242344077
CDJ55J,242344078
FBK48B,242344079
DCE75H,242344080
GKI03I,242344081
DHF18I,242344082
GBC55D,242344083
GHH03I,242344084
KJD79H,242344085
DEI20E,242344086
HIB81I,242344087
EEE96K,242344088
GGJ49K,242344089
JHG81I,242344090
FFD46H,242344091
KEI52K,242344092
FCF56F,242344093
JEF71B,242344094
JIC93I,242344095
CDI83K,242344096
DID64F,242344097
CCJ16J,242344098
JBC30C,242344099
IEH97B,242344100
DCD47E,242344101
JIC80G,242344102
KCE87G,242344103
CHH99G,242344104
HIH64I,242344105
KJK62I,242344106
EBI72G,242344107
GJK52H,242344108
IEK33C,242344109
EDD85G,242344110
HEC68C,242344111
FFI58E,242344112
HHG10J,242344113
DEE27C,242344114
FBF10D,242344115
KGD32H,242344116
DGI08F,242344117
CIK82J,242344118
IHI61F,242344119
GKK42J,242344120
EII71G,242344121
CBI55I,242344122
IDC56B,242344123
IDF77G,242344124
JEC57G,242344125
DEC86E,242344126
HKD09F,242344127
GFH12K,242344128
III55K,242344129
JFK73F,242344130
KJC54G,242344131
BCE81K,242344132
DHF73D,242344133
HJJ61D,242344134
HBJ70K,242344135
JBC56C,242344136
BJB83F,242344137
CGE06D,242344138
HDJ97K,242344139
JGD06I,242344140
KFI86D,242344141
GGB72B,242344142
FBE13F,242344143
KFG23K,242344144
EIF80E,242344145
JFF20B,242344146
DBB56D,242344147
IBI54C,242344148
FBI71H,242344149
IBG57C,242344150
DCG66B,242344151
GEF09C,242344152
GIB33G,242344153
FGC46G,242344154
DHB14K,242344155
FDJ73J,242344156
DJB21F,242344157
DIK91J,242344158
GDK86K,242344159
DJH86H,242344160
KFK83J,242344161
KKF96F,242344162
KHB72D,242344163
DGC56K,242344164
CKK73I,242344165
FBJ59I,242344166
GCI75F,242344167
KDG67I,242344168
HFE32J,242344169
DIH70J,242344170
DBB39E,242344171
JBJ91E,242344172
DID71H,242344173
DHK44G,242344174
FDG34H,242344175
BIJ03G,242344176
FCE41H,242344177
EDE13I,242344178
GKJ31K,242344179
DFH35F,242344180
GCD63E,242344181
HCF44E,242344182
KFF53E,242344183
IKI05E,242344184
CHH05F,242344185
EFF38C,242344186
FBI51B,242344187
ICC15H,242344188
IJD02K,242344189
CGD39B,242344190
CCJ08D,242344191
DJD01E,242344192
IFF40I,242344193
BDE06C,242344194
BCE96B,242344195
HEG97D,242344196
HDK71D,242344197
DGK90J,242344198
JEF20I,242344199
EIC52G,242344200
DIH90G,242344201
KFB72F,242344202
JGB71B,242344203
EFB65F,242344204
KFB91I,242344205
BKJ21D,242344206
BEK85F,242344207
FDG53G,242344208
CDF44E,242344209
ECE08H,242344210
GFD38E,242344211
JDG10K,242344212
JHB05B,242344213
DEE07B,242344214
ICF02F,242344215
FDE41H,242344216
CKE35I,242344217
JEK15C,242344218
CKJ50B,242344219
BDD82G,242344220
JKG41H,242344221
GIJ37B,242344222
GCE27H,242344223
JIG20K,242344224
HGI31C,242344225
KIG78C,242344226
IEE13K,242344227
JKD34C,242344228
DJH56G,242344229
BCF96F,242344230
BCE29I,242344231
DBF52H,242344232
JEI48H,242344233
JFH32B,242344234
JGF54D,242344235
FHC01G,242344236
BID60G,242344237
KFG49D,242344238
HFK69J,242344239
HJJ15D,242344240
FKD62H,242344241
HKC14D,242344242
DHI74B,242344243
FHC36H,242344244
DKC43E,242344245
DEK65F,242344246
KCC30D,242344247
EFF03D,242344248
CHH24D,242344249
KJC19E,242344250
EGC63E,242344251
FCH03J,242344252
GED06K,242344253
JIH54K,242344254
HIH98I,242344255
DHH19J,242344256
CHB59C,242344257
BBB37I,242344258
IIH33K,242344259
BEI00K,242344260
HED04H,242344261
KKG65E,242344262
DHI05B,242344263
IKK22C,242344264
IFJ84C,242344265
BBE10K,242344266
FCF56C,242344267
GEK01C,242344268
BKK33F,242344269
BKJ95G,242344270
EKE66G,242344271
IEF05G,242344272
BHE47C,242344273
GGH55J,242344274
JJG22E,242344275
EHF57F,242344276
EEF87J,242344277
FGD22H,242344278
CIE89B,242344279
CBF31J,242344280
GHC16E,242344281
HCE65B,242344282
CJH26B,242344283
CEH33I,242344284
JGG22H,242344285
EKI27G,242344286
FGC48B,242344287
HJJ71G,242344288
EBE92J,242344289
GCH51C,242344290
HDC74F,242344291
BJH39F,242344292
DFC27G,242344293
JEC42B,242344294
IHK02I,242344295
GJH42K,242344296
FFB30G,242344297
GFH26K,242344298
CIC10G,242344299
EBI01C,242344300
KGG02F,242344301
IGK00H,242344302
JDG19D,242344303
GKC88D,242344304
BFF52B,242344305
IJF28I,242344306
CGI83E,242344307
IFG96B,242344308
HDH86J,242344309
BDD74C,242344310
HJG12F,242344311
BII56I,242344312
FEF52D,242344313
